spanish#﻿Hacia la mitad de la calle de la Universidad, entre los números 51 y 57,
spanish#se ven cuatro hoteles que pueden citarse entre los más lindos de París.
spanish#El primero pertenece al señor Pozzo di Borgo, el segundo al condeMailly, el tercero al duque de Choiseul y el último, que hace esquina ala calle Bellechasse, al barón de Sanglié.
spanish#El aspecto de este edificio es noble. La puerta cochera da entrada a unpatio de honor cuidadosamente enarenado y tapizado de parrascentenarias. El pabellón del portero está a la izquierda, envuelto entreel follaje espeso de la hiedra, donde los gorriones y los huéspedes dela garita parlotean al unísono. En el fondo del patio, a la derecha, unaamplia escalinata resguardada por una marquesina, conduce al vestíbulo ya la gran escalera.
spanish#La planta baja y el primer piso están ocupados por el barón únicamente,
spanish#que disfruta sin compartirlo con nadie un vasto jardín, limitado porotros jardines, y poblado de urracas, mirlos y ardillas que van y vienende ése a los otros en completa libertad, como si se tratara dehabitantes de un bosque y no de ciudadanos de París.
spanish#Las armas de los Sanglié, pintadas en negro, se descubren en todas lasparedes del vestíbulo. Son un jabalí de oro en un campo de gules. Elescudo tiene por soporte dos lebreles, y está rematado con el penacho debarón con esta leyenda: _Sang lié au Roy_[A].
spanish#Como media docena de lebreles vivos, agrupados según su capricho, seaburren al pie de la escalera, mordisquean las verónicas floridas en losvasos del Japón o se tienden sobre la alfombra alargando la cabezaserpentina. Los lacayos, sentados en banquetas de Beauvais, cruzansolemnemente los brazos, como conviene a los criados de buena casa.
spanish#El día 1.º de enero de 1853, hacia las nueve de la mañana, toda laservidumbre del hotel celebraba en el vestíbulo un congreso tumultuoso.
spanish#El administrador del barón, el señor Anatolio, acababa de distribuirlesel aguinaldo. El mayordomo había recibido quinientos francos, el ayudade cámara doscientos cincuenta. El menos favorecido de todos, elmarmitón, contemplaba con una ternura inefable dos hermosos luises deoro completamente nuevos. Habría celosos en la asamblea, perodescontentos ni uno solo, y cada uno a su manera decía que da gustoservir a un amo rico y generoso.
spanish#Los tales individuos formaban un grupo bastante pintoresco alrededor deuna de las bocas del calorífero. Los más madrugadores llevaban ya lagran librea; los otros vestían aún el chaleco con mangas que constituyeel uniforme de media gala de los criados.
spanish#El ayuda de cámara iba vestido de negro completamente, con zapatillas deorillo; el jardinero parecía un aldeano endomingado; el cochero llevabachaqueta de tricot y sombrero galoneado; el portero un tahalí de oro yzuecos. Aquí y acullá se distinguía a lo largo de las paredes, unafusta, una almohaza, un encerador, escobas, plumeros y algo más cuyonombre ignoro.
spanish#El señor dormía hasta mediodía, como quien ha pasado la noche en elclub, y por lo tanto tenían tiempo para empezar sus faenas. Por lopronto se entretenían en darle empleo al dinero y las ilusiones lesocupaban bastante. Los hombres todos son algo parientes de aquellalechera de la fábula.
spanish#Con esto, y lo que ya tengo ahorradodecía el mayordomo, puedoredondear mi renta vitalicia. A Dios gracias no falta el pan, y los díasde la vejez los tendré asegurados.
spanish#Como es usted solteroreplico el ayuda de cámara, no tiene quepensar en nadie. Pero yo tengo familia. Por eso pienso entregarle eldinero a ese buen señor que va a la Bolsa, y algo me producirá.
spanish#Es una buena idea, señor Fernandodijo el marmitón. Cuando vayausted, llévele mis cuarenta francos.
spanish#El ayuda de cámara se creyó obligado también a intervenir y exclamó entono de protección:
spanish#¡Vaya con el joven! ¿Qué crees tú que se puede hacer con cuarentafrancos en la Bolsa?
spanish#Buenorespondió el joven ahogando un suspiro, los llevaré a la Cajade ahorros.
spanish#El cochero soltó una ruidosa carcajada y se dio unos puñetazos sobre elestómago gritando:
spanish#Esta es mi caja de ahorros. Aquí es donde he colocado siempre misfondos, y a fe que no me ha ido mal. ¿Verdad, padre Altorf?
spanish#El padre Altorf, suizo[B] de profesión, alsaciano de nacimiento, deelevada estatura, vigoroso, huesudo, de desarrollado vientre, ancho dehombros, de cabeza enorme y rubicundo como un hipopótamo, sonrió con elrabillo del ojo y produjo con la lengua un pequeño chasquido que eratodo un poema.
spanish#El jardinero, delicada flor de la Normandía, hizo sonar el dinero en sumano y respondió al honorable preopinante:
spanish#¡Vamos, no diga usted tonterías! lo que se ha bebido ya no se vuelve atener. Lo mejor que hay es esconder el dinero en una pared vieja o en unárbol hueco. ¡Los que así lo hagan no darán de comer al notario!
spanish#La asamblea en pleno protestó de la ingenuidad de aquel buen hombre queenterraba en flor sus escudos, sin hacerlos producir. Quince o diez yseis exclamaciones se elevaron al mismo tiempo. Cada uno expuso suopinión, descubrió su secreto, cabalgó en su Clavileño. Cada uno hizosaltar las monedas en su bolsillo y acarició ardientemente lasesperanzas ciertas, la dicha contante y sonante que habían embolsado. Eloro mezclaba su aguda vocecita con aquel concierto de pasiones vulgares;
spanish#y el choque de las piezas de veinte francos, más embriagador que losvapores del vino o el olor de la pólvora, emborrachaba a aquellos pobrescerebros y aceleraba los latidos de sus groseros corazones.
spanish#En lo más fuerte del tumulto, se abrió una pequeña puerta que daba a laescalera, entre el piso bajo y el primero. Una mujer, con un harapientotraje negro, descendió vivamente los peldaños, atravesó el vestíbulo,
spanish#abrió la puerta de vidrieras y desapareció en el patio.
spanish#Todo esto pasó en un minuto y, no obstante, la sombría aparición sellevó el buen humor de todas aquellas gentes, que se levantaron a supaso con el más profundo respeto. Los gritos se detuvieron en susgargantas y el oro ya no volvió a sonar en sus bolsillos. La pobre mujerhabía dejado detrás de ella como una estela de silencio y de estupor.
spanish#El primero que se repuso fue el ayuda de cámara, que era lo que se llamaun espíritu fuerte.
spanish#¡Voto a...!exclamó. He creído ver pasar a la miseria en persona.
spanish#e ha estropeado el año. Ya veréis cómo no vuelve a salirme nada bienhasta el día de San Silvestre. ¡Brrr! tengo frío en la espalda.
spanish#¡Pobre mujer!dijo el mayordomo. Ha tenido cientos y miles y ya laveis ahora... ¿Quién creería que es una duquesa?
spanish#Es que el vagabundo de su marido se lo ha comido todo.
spanish#¡Un jugador!
spanish#¡Un hombre que no piensa más que en comer!
spanish#Un andariego que trota de la mañana a la noche, con sus piernas derocín.
spanish#No es él el que me interesa: tiene lo que se merece.
spanish#¿Se sabe algo de la señorita Germana?
spanish#Su negra me ha dicho que cada día está peor. A cada golpe de tos llenaun pañuelo.
spanish#¡Y sin una alfombra en su habitación! Esa niña no se curaría más queen un país templado, en Italia, por ejemplo.
spanish#Será un ángel para Dios.
spanish#Los que quedan son más dignos de compasión.
spanish#¡No sé cómo se las arreglará la duquesa para salir de este atolladero.
spanish#¡A todos debe! Ultimamente el panadero se ha negado a fiarles más.
spanish#¿Cuánto deben de alquiler?
spanish#Ochocientos francos; pero lo que me extraña es que siquiera el señorhaya visto el color de su dinero.
spanish#Si yo fuese él, preferiría tener desalquilado el piso antes quepermitir que viviesen en él personas que deshonran la casa.
spanish#¡No seas bestia! ¿Para qué arrastrar por el arroyo al duque de La Tourde Embleuse y a su familia? Esas miserias, para que lo sepas, son comolas llagas del barrio; todos nosotros tenemos interés en ocultarlas.
spanish#¡Toma!dijo el marmitón, creo que tengo razón para burlarme. ¿Porqué no trabajan? Los duques son hombres como los demás.
spanish#¡Muchacho!exclamó gravemente el mayordomo, estás diciendo cosasincoherentes. La prueba de que no son hombres como los demás, es que yo,
spanish#tu superior, no sería ni barón durante una hora de mi vida. Además, laduquesa es una mujer sublime y hace cosas de las que ni tú ni yoseríamos capaces. ¿Tomarías tú caldo durante todo un año y en todas lascomidas?
spanish#¡Caramba! ¡No me parece eso muy divertido!
spanish#¡Pues bien! la duquesa pone el puchero a la lumbre cada dos días,
spanish#porque a su marido no le gusta la sopa de vigilia. El señor se come sutapioca de caldo graso y un bistec y un par de chuletas, y la pobre ysanta mujer se conforma con los desperdicios. Es hermoso, ¿verdad?
german#﻿Bär, der große, alte, struppige Hofhund auf Hoël, saß auf der Türtreppeund schaute ernsthaft über den Hof. Es war ein kalter, klarerSpätwintertag, und der Schnee glitzerte im Sonnenschein. Am liebstenwäre Bär aber doch hineingegangen; denn es ließ sich nicht leugnen: wieer da saß, fror ihn grimmig an den Pfoten, und er hob abwechselnd balddie eine, bald die andre eine Weile von den Steinfliesen empor, um nichtdas Kribbeln in die Klauen zu bekommen.
german#Aber er durfte seinen Posten nicht verlassen. Die Schweine und dieZiegen waren heute im Freien. Noch führten sie sich zwar alle ganzanständig auf; die Schweine gingen dort in der Sonne und rieben sich ander Ecke des Kuhstalls, und weiter weg knabberten die Ziegen eifrig ander Baumrinde, die beim Schweinestall auf einen großen Haufen für siezusammengekehrt war, und taten so, als hätten sie an nichts andres zudenken. Aber er wußte von früher her: kaum war er hineingegangen, dalagerten sie sich sogleich mitten in den Haustüren und verübten all denUnfug, den sie sich nur ausdenken konnten  die große neue ZiegeKrummhorn, die erst im letzten Herbst auf den Hof gekommen war, und dieer noch nicht ordentlich abgerichtet, hatte bereits einen Schwuppdichbis an die Hausecke hin gemacht und ihn dabei so gleichgültig undüberlegen angesehen.
german#Die war wirklich eine unerträgliche Person, aber sie sollte sich bloß
german#unterstehen !
german#Ein Weilchen wenigstens mußte er noch sitzen bleiben  die Wege durfteer ja auch nicht ganz aus dem Auge verlieren, es hätte doch jemandkommen können.
german#Zufällig drehte er den Kopf nach dem schmalen Pfad hin, der die Haldeschräg vom Oberdorf herabkam.
german#Alle Wetter! Was war denn das?
german#Dort kam Etwas  etwas Rundes, Putziges, Winziges  ärgerlich, daß dieAugen nicht mehr recht mitwollten!  ja, ja, er mußte auf alle FälleMeldung machen.
german#Er fing an zu bellen, ein kurzes, tiefes Gekläff, das weithinausschallte. Die Ziegen sprangen ängstlich in einen Klumpen zusammenund spitzten die Ohren, die Schweine hörten jählings auf, sich zu juckenund zu kratzen, und lauschten  ja, da konnte man sehen, daß sie vorihm Furcht hatten.
german#Dann blieb er wieder ruhig sitzen und sah den Weg hinauf. Nein aber, ober jemals etwas Ähnliches gesehen hatte  vielleicht war es nichteinmal etwas, das er zu melden brauchte; aber immerhin mußte er sichwohl auf den Weg machen und sich die Sache etwas näher ansehen.
german#Er krümmte den buschigen Schwanz in einen großen Bogen; man solltesehen, daß er bester Laune war, und trippelte zum Hofe hinaus.
german#Es mußte aber doch wohl ein Mensch sein. Es fing an, so leibhaftig derFinn-Kathrine zu gleichen, die dort im Winter zu gehen pflegte, aber diekonnte es doch nicht sein; denn dazu war das Wesen dort allzu winzig.
german#Aber ein weiter, langer Weiberrock war es jedenfalls, und unter dem Rockkamen die Spitzen von einem Paar großer Schuhe hervor, über die graue,
german#abgeschnittne Strumpffüße gezogen waren. Über den Rock war ein großerBausch Gestricktes gewurstelt, aus dem zwei Stummel mit roten,
german#gestrickten Fausthandschuhen hervorguckten. Oben drauf saß ein etwaskleinerer Bausch Gestricktes  das war wohl der Kopf. Hinten auf demRücken hing ein großes Bündel in einem dunkelfarbigen Einschlagetuch undvorn ein kleiner, niedlicher, rotgemalter Holzeimer.
german#Bär mußte unwillkürlich stehen bleiben und sehen. Das rätselhafte Wesenwar nun ebenfalls seiner gewahr geworden und wie unschlüssig stehengeblieben. Da ging er auf die äußerste Wegkante hinüber, blieb dortstehen und versuchte, so gleichgültig wie möglich auszusehen, um dasWesen nicht zu erschrecken. Dies ging dann vorsichtig, wie auf Stelzen,
german#langsam wieder vorwärts, indem es sich dicht an der andern Seite desWeges hindrückte und drehte sich allmählich, je näher es herankam, sodaß es ganz der Quere ging, als es endlich gerade vor Bär angelangt war.
german#Da gelang es aber Bär, einen kurzen Blick durch eine kleine Öffnung indem obersten Strickbausch zu werfen, und was sah er! Erst ein kleines,
german#rotes, aufwärtsstrebendes Stumpfnäschen, dann einen roten Mund, derunsicher zuckte, als wollte er zu weinen anfangen, und ein Paar großeblaue Augen, die ihn erschrocken anstarrten.
german#Bah! Das war ja bloß ein kleines Mädel, das wegen der Kälte tüchtigeingemummelt war. Er kannte sie zwar nicht, aber  wart mal  dasEimerchen kam ihm so bekannt vor. Jedenfalls war es keine Art, sich hierbarsch zu stellen und so ein kleines Ding zu erschrecken.
german#Unwillkürlich wedelte er mit dem Schwanze während er hinüberging, um denEimer zu beschnüffeln.
german#Aber das kleine Mädchen verstand ihn nicht sofort, erschrocken trat esvielmehr ein paar Schritte zurück und purzelte rücklings neben dem Wegehin. Da sprang Bär rasch zur Seite und lief ein Stückchen voraus, sahsich wieder um und blinzelte freundlich mit den Augen und wedeltekräftig mit dem Schwanze. Jetzt begriff sie, stand auf, lächelte undtrippelte hinter ihm drein. Bär humpelte voran, sich immer wiederumsehend; nun erkannte er, daß sie sicher irgend einen Auftrag auf Hoëlauszurichten hatte, und da war es seine einfache Pflicht undSchuldigkeit, ihr zurecht zu helfen.
german#Das kleine Mädchen war Sidsel Langröckchen von Schloß Guckaus oben aufder Höhe, die dergestalt auf Hoël ihren Einzug hielt.
german#Schloß Guckaus lag auf einem öden, unfruchtbaren Berghang, weit vorn,
german#gerade unter dem Großhammer, zu alleroberst im Oberdorf, und der Name 
german#es hieß eigentlich Neu-Wüstenland  war ein Spitzname, den ihm einSpottvogel gegeben, weil man von da oben einen weiten Ausguck hatte, undweil es allem andern eher als einem Schloß glich. Das Krongut, das zumSchloß gehörte, bestand bloß aus etwas Heideland, wo Heidel- undPreiselbeerkraut üppig gedieh, unterbrochen hier und da von einemkleinen Fleckchen Ackerboden oder einem Stückchen Wiese.
german#Die Stallgebäude bestanden aus einem untermauerten Kuhstall mit zweiStänden, halb in den Hügel eingegraben, und einem kleinen Schweinekofenim gleichen Stil. Und das Schloß selbst war ein winzig kleines, mitRasen gedecktes Häuschen, das ganz vorn am Abhang mitten in der Einödelag. Es hatte bloß ein niedriges Fensterchen mit ganz kleinen Scheiben,
german#das ins Tal hinabschaute.
german#Fast überall aber, wo man im Umkreis sein mochte  wenn man in derRichtung hinsah und den Blick hoch genug hinaufwandte, überall sah manstets dieses Schloß und dies Guckfensterchen, das wie ein kleines Augeüber das Tal hinausblickte.
german#Wenn nun die Herrlichkeit, von der sie herkam, nicht größer war, so kannman sich wohl leicht denken, daß Sidsel Langröckchen just keineverkleidete Prinzessin war, sondern schlecht und recht ein kleines armesBettelkind. Und zum ersten Mal auf den Hof von Hoël zu kommen, war fürsie dasselbe, als wenn sie wirklich zu Hofe gekommen wäre, obschon siein einem gar wichtigen, eigentlich nur für Erwachsene passenden Auftraggeschickt war; sie kam nämlich an Stelle ihrer Mutter als Spinnfrau.
german#Sidsels Mutter, Rönnaug, hatte nun schon vier Jahre lang oben auf Schloß
german#Guckaus allein für den Unterhalt der Familie sorgen müssen. Früher wares ihnen gut gegangen; da war aber der Mann gestorben, und nun saß sieallein da mit dem Schloß, einer Kuh und zwei Kindern, Jakob, der damalsungefähr sechs Jahre zählte, und Sidsel, die zwei Jahre jünger war. Eshielt oft schwer genug, aber sie hatten doch immerhin ein Dach über demKopfe, und nach Brennholz brauchten sie auch nicht weit zu laufen, derWald lag gerade vor der Tür.
german#Im Sommer konnte sie den harten, steinigen Boden gerade soweitaufkratzen, daß sie auf dem jämmerlich kleinen Fleckchen AckerlandKartoffeln und etwas Korn bauen konnte, und Heidegras und frisches Laub,
german#das sie sammelte, gab es gerade genug, um die Kuh Bliros jedes Jahrdurchfüttern zu können. Und wo eine Kuh ist, da gibt's auch immer was zuleben.
german#Im Winter spann sie fleißig Leinwand und Wolle für die Bäuerinnen untenim Dorfe und vor allem für Kjersti Hoël, die Großbäuerin, bei der sieals Magd gedient hatte, ehe sie sich verheiratete.
german#Auf diese Weise hatte sie sich durchgeschlagen. Unterdessen war derJakob so groß geworden, daß er selber für sich sorgen konnte. Im letztenFrühling war auf Nordrum Nachfrage nach einem Hirtenbuben gewesen, undda hatte er sofort zugeschlagen. Er und Sidsel hatten so oft oben in derStube vor dem kleinen Guckfensterchen auf den Knieen gelegen,
german#hinausgeschaut und überlegt, wo sie wohl beide einmal dienen würden,
german#wenn sie erst groß wären. Und da hatte der Knabe immer Nordrum für sichgewählt, hauptsächlich deshalb, weil er den Bauer von Nordrum immer alseinen besonders starken Mann hat rühmen hören,  sie dagegen hattegemeint, besser müsse es auf Hoël sein, wo bloß Frauensleute wären.
german#Im Herbst hatte dann der Nordrum gesagt, so einen Burschen wie den Jakobkönne er auch im Winter brauchen, und da war Jakob dort geblieben.
german#Er war sogar schon letzte Weihnachten einen ganzen Tag wieder zu Hausegewesen, und da hatte er der Schwester ein Weihnachtsgeschenkmitgebracht von einem kleinen Mädchen auf dem Nordrumhofe, einen garfeinen Unterrock aus grauem Fries.
german#Und wie lustig und spaßig er geworden war! Als sie den neuen Rock, derihr vorn wie hinten bis ganz herunter auf die Füße reichte, zumerstenmal angezogen hatte, da hatte er sie Sidsel _Langröckchen_
german#genannt.
german#Nach Weihnachten aber war oben auf Schloß Guckaus die Not eingezogen.
german#Die Kuh Bliros, die sonst fast das ganze Jahr hindurch Milch gab, ließ
german#es sich plötzlich einfallen, mehrere Monate trocken zu stehen; siesollte erst zum Sommer hin kalben. Die letzte Woche hatte es nichteinmal mehr Milch zum Kaffee gegeben.
german#Bis zum Nachbarhof Svehaugen war es auch nicht bloß ein Katzensprung,
german#und dort war es zudem auch knapp mit der Milch, das wußte Rönnaug, undaußerdem hatte sie keine Zeit, sie mußte sich sputen, daß sie mit derWolle, die sie für Kjersti Hoël spann, endlich fertig wurde und sie baldabliefern konnte, dann wurde wohl auch Rat für Milch und Kaffee undandres mehr. Deshalb arbeitete sie unausgesetzt die ganze Woche hindurch Sidsel war nun so groß, daß sie beim Karden helfen konnte  undtrank den Kaffee schwarz. War es nun aber, weil sie den schwarzen Kaffeenicht vertragen konnte, oder ein andrer Grund,  als sie gestern abendspät fertig geworden war, fühlte sie einen saugenden Schmerz unter derBrust, und als sie heute früh aufstand und sich fertig machte, mit derWolle nach Hoël zu gehen, wurde ihr mit einem Mal so übel undschwindlig, daß sie sich wieder aufs Bett legen mußte. Sie fühlte sichganz elend. Nun war es aber Sitte, daß die Spinnfrau, was siegesponnnen, auch selber brachte, und da bekam sie nicht bloß Vergütungfür ihre Arbeit, sondern wurde auch bewirtet und erhielt neue Aufträgeund Bescheid, wie das nächste Garn gesponnen werden sollte.
german#Doch diesmal war wirklich kein andrer Ausweg, sie mußte Sidsel schicken.
german#Sie würde sich schon zurechtfinden, obwohl sie noch nie auf Hoël gewesenwar, und soviel würde sie wohl auch mit nach Hause bringen, daß siewenigstens wieder einmal eine ordentliche Tasse Kaffee trinken könnten,
german#dann konnte sie ja an einem der nächsten Tage immer noch selber gehen.
german#Wenn sie sich nur darauf verlassen könnte, daß Sidsel sich ordentlich zubenehmen verstände und sich nicht gar zu ungelenk anstellte?
german#O ja, hatte Sidsel gemeint, wenn sie nur gehen dürfte, dann würde siesich schon richtig zu benehmen wissen, genau wie eine Spinnfrau; dennsie erinnerte sich sehr gut daran, wie die es machten, von damals, alssie die Mutter nach Nordrum begleiten durfte.
german#Da hatte denn Sidsel ihren Fries-Unterrock angezogen  sie trug ihn wieeinen richtigen Rock und nur bei festlichen Gelegenheiten  warordentlich in eine Menge Tücher und wollene Schale eingewickelt worden,
german#hatte das große Garnknäuel hinten auf den Rücken gehängt bekommen, denMilcheimer vorn um den Hals und außerdem viele gute Lehren undErmahnungen mit auf den Weg, und so ging es zu, daß sie heute hinter Bärhertrippelnd in den Hof von Hoël einzog.
german#Als sie an den Wirtschaftsgebäuden vorüberkam, mußte sie wirklich stehenbleiben und sich umsehen. Ja, hier war freilich alles viel großartigerals daheim! Ein Scheunentor so breit, daß das ganze Guckaus-Schloß hättehindurchfahren können, und eine einzige Fensterscheibe war mindestensebenso groß, wie das ganze Fenster oben im Schloß! Und solch eine Ziege!
german# Sie bekam gerade Krummhorn zu Gesicht, die der Haustür bereitsbedenklich nahe war und kaum Miene machte auszureißen, als Bär herankam.
german#Nicht einmal vor dem Hunde war die bange! Sie war freilich auch so groß
german#wie ein ordentliches Kalb! Wenn die Kühe nach demselben Maßstabe waren,
german#da mußten sie ja vom Erdboden aus das Gras auf dem Dache von Schloß
german#Guckaus fressen können! Sie mußte unwillkürlich nach der Tür desKuhstalls hinschielen. Nein, die war doch nicht größer als Stalltürengewöhnlich sind  da waren die Kühe doch wohl wie andre auch.
german#Bär hatte unterdessen die Zeit benutzt, um Krummhorn zurecht zu weisen,
german#nun kam er zurück, wedelte lustig mit dem Schwanze und wandte sich nachder Haustür, als ob er die Kleine hineingeleiten wollte. Ja, der Hundhatte recht, sie mußte sich wirklich beeilen, um ihren Auftragauszurichten und durfte nicht länger hier stehen und gaffen.
german#Sie folgte Bär nach, ging in die Hausflur hinein, hob die Türklinke,
german#drehte sich ganz um sich selbst herum, als sie die Tür wieder zumachte,
french#Vers le milieu de la rue de l'Université, entre le numéro 51 et le 57,on voit quatre hôtels qui peuvent compter parmi les plus beaux deParis. Le premier appartient à M. Pozzo di Borgo; le second, au comtede Mailly; le troisième, au duc de Choiseul; le dernier au baron deSanglié. C'est celui qui fait l'angle de la rue Bellechasse.
french#L'hôtel de Sanglié est une habitation de noble apparence. La portecochère s'ouvre sur une cour d'honneur soigneusement sablée et tapisséede treilles centenaires. La loge du suisse est à gauche, cachée sous unlierre épais où les moineaux et les portiers babillent à l'unisson. Aufond de la cour à droite, un large perron, abrité sous une marquise,conduit au vestibule et au grand escalier. Le rez-de-chaussée et lepremier sont occupés par le baron tout seul; il jouit sans partage d'unvaste jardin borné par d'autres jardins, peuplé de fauvettes, de merleset d'écureuils qui vont de l'un chez l'autre en pleine liberté, commes'ils étaient habitants d'un bois, et non citoyens de Paris.
french#Les armes des Sanglié, peintes à la cire, se répètent sur tous les mursdu vestibule. C'est un sanglier d'or sur champ de gueules. L'écusson estsupporté par deux lévriers et surmonté d'un tortil de baron avec cettelégende: SANG LIÉ AU ROY. Une demi-douzaine de lévriers vivants, groupéssuivant leur fantaisie, s'agacent au pied de l'escalier, mordillent lesvéroniques en fleur dans les vases du Japon, ou s'aplatissent sur letapis en allongeant leur tête serpentine. Les valets de pied, assis surdes banquettes de Beauvais, se croisent solennellement les bras, commeil convient à des gens de bonne maison.
french#Le 1er janvier 1853, vers les neuf heures du matin, tous les domestiquesde l'hôtel tenaient sous le vestibule un congrès tumultueux. L'intendantdu baron, M. Anatole, venait de leur distribuer leurs étrennes. Lemaître d'hôtel avait reçu cinq cents francs, le valet de chambre deuxcent cinquante. Le moins favorisé de tous, le marmiton, contemplait avecune tendresse inexprimable deux beaux louis d'or tout neufs. Il y avaitdes jaloux dans l'assemblée, mais pas un mécontent, et chacun disait enson langage que c'est plaisir de servir un maître riche et généreux.
french#Ces messieurs formaient un groupe assez pittoresque autour d'une desbouches du calorifère. Les plus matineux avaient déjà la grande livrée;
french#les autres portaient encore le gilet à manches, qui est la petite tenuedes domestiques. Le valet de chambre était tout de noir habillé, avecdes chaussons de lisière; le jardinier ressemblait à un villageoisendimanché; le cocher était en veste de tricot et en chapeau galonné; lesuisse, en baudrier d'or et en sabots. On apercevait ça et là, le longdes murs, un fouet, une étrille, un bâton à cirer, une tête de loup, etdes plumeaux dont je ne sais pas le nombre.
french#Le maître dormait jusqu'à midi, en homme qui a passé la nuit au club:
french#on avait bien le temps de se mettre à l'ouvrage. Chacun faisait d'avanceemploi de son argent, et les châteaux en Espagne allaient bon train.
french#Tous les hommes, petits et grands, sont de la famille de Perrette quiportait un pot au lait.
french#«Avec ça et ce que j'ai de côté, disait le maître d'hôtel, j'arrondiraima rente viagère. On a du pain sur la planche, Dieu merci! et l'on ne selaissera manquer de rien sur ses vieux jours.
french#Parbleu! reprit le valet de chambre, vous êtes garçon; vous n'avezque vous à penser. Mais, moi, j'ai de la famille. Aussi, je donneraimon argent à ce petit jeune homme qui va à la Bourse. Il me tripoteraquelque chose.
french#C'est une idée, ça, monsieur Ferdinand, repartit le marmiton.
french#Portez-lui donc mes quarante francs, quand vous irez.»
french#Le valet de chambre répondit d'un ton protecteur: «Est-il jeune!
french#Qu'est-ce qu'on peut faire à la Bourse avec quarante francs?
french#Allons, dit le jeune homme en étouffant un soupir, je les mettrai à lacaisse d'épargne!»
french#Le cocher partit d'un gros éclat de rire. Il frappa sur son estomacen criant: «Ma caisse d'épargne, à moi, la voici. C'est là que j'aitoujours placé mes fonds, et je m'en suis bien trouvé. Pas vrai, pèreAltroff?»
french#Le père Altroff, suisse de profession, Alsacien de naissance, grand,vigoureux, ossu, pansu, large des épaules, énorme de la tête, et aussirubicond qu'un jeune hippopotame, sourit du coin de l'oeil et fit avecsa langue un petit bruit qui valait un long poème.
french#Le jardinier, fine fleur de Normand, fit sonner son argent dans sa main,et répondit à l'honorable préopinant: «Allais, marchais! ce qu'on a bu,on ne l'a plus. Il n'est tel placement qu'une bonne cachette dans unvieux mur ou dans un arbre creux. Argent bien enfouie, les notaires nela mangent point!»
french#L'assemblée se récria sur la naïveté du bonhomme qui enterrait ses écustout vifs, au lieu de les faire travailler. Quinze ou seize exclamationss'élevèrent en même temps. Chacun dit son mot, trahit son secret,enfourcha son dada, secoua sa marotte. Chacun frappa sur sa poche etcaressa bruyamment les espérances certaines, le bonheur clair et liquidequ'il avait emboursé le matin. L'or mêlait sa petite voix aiguë à ceconcert de passions vulgaires; et le cliquetis des pièces de vingtfrancs, plus capiteux que la fumée du vin ou l'odeur de la poudre,enivrait ces pauvres cervelles et accélérait le battement de ces coeursgrossiers.
french#Au plus fort du tumulte, une petite porte s'ouvrit sur l'escalier, entrele rez-de-chaussée et le premier étage. Une femme, vêtue de haillonsnoirs, descendit vivement les degrés, traversa le vestibule, ouvrit laporte vitrée et disparut dans la cour.
french#Ce fut l'affaire d'une minute, et pourtant cette sombre apparitionéteignit la joie de tous ces valets en belle humeur. Ils se levèrent surson passage avec les marques d'un profond respect. Les cris s'arrêtèrentdans leur gosier, et l'or ne sonna plus dans leurs poches. La pauvrefemme avait laissé derrière elle comme une traînée de silence et destupeur.
french#Le premier qui se remit fut le valet de chambre, un esprit fort.
french#«Sapristi! cria-t-il, j'ai cru voir passer la misère en personne. Voilà
french#mon jour de l'an gâté dès le matin. Vous verrez que rien ne me réussirajusqu'à la Saint-Sylvestre. Brrr! j'ai froid dans le dos.
french#Pauvre femme! dit le maître d'hôtel. Ça a eu des mille et des cents,et puis voilà! Qui est-ce qui croirait que c'est une duchesse?
french#C'est son gueux de mari qui lui a tout mangé.
french#Un joueur!
french#Un homme sur sa bouche!
french#Un coureur qui trotte du matin au soir, avec ses vieilles jambes, à lasuite de tous les cotillons!
french#C'est pas lui qui m'intéresse: il n'a que ce qu'il mérite.
french#Sait-on comment va Mlle Germaine?
french#Leur négresse m'a dit qu'elle était au plus bas. Elle crache le sang à
french#plein mouchoir.
french#Et pas de tapis dans sa chambre! Cette enfant-là ne guérirait que dansles pays chauds, à Florence ou en Italie.
french#Ça fera un ange au ciel du bon Dieu.
french#C'est ceux qui restent qui sont à plaindre!
french#Je ne sais pas comment la duchesse sortira de là. Des comptes à
french#n'en plus finir chez tous les fournisseurs! Le boulanger parle de leurrefuser crédit.
french#Combien ont-ils de loyer là-haut?
french#Huit cents. Mais je m'étonne si monsieur à jamais vu la couleur deleur argent.
french#Si j'étais de lui, j'aimerais mieux laisser le petit appartementvacant que de garder des personnes qui font tache dans l'hôtel.
french#Es-tu bête! Pour qu'on ramasse sur le pavé le duc de La Tourd'Embleuse et sa famille? Ces misères-là, vois-tu, c'est comme lesplaies du faubourg: nous avons tous intérêt à les cacher.
french#Tiens! dit le marmiton, je m'en moque pas mal! Pourquoi qu'ils netravaillent pas? Les ducs sont des hommes comme les autres.
french#Garçon! reprit gravement le maître d'hôtel, tu dis des chosesincohérentes. La preuve qu'ils ne sont pas des hommes comme les autres,c'est que moi, ton supérieur, je ne serai pas seulement baron pendantune heure de ma vie. D'ailleurs la duchesse est une femme sublime,et elle fait des choses dont ni toi ni moi ne serions capables.
french#Mangerais-tu du bouilli pendant un an à tous tes repas?
french#Dame! ça n'est pas amusant, le bouilli!
french#Eh bien! la duchesse met le pot-au-feu tous les deux jours, parce queson mari n'aime pas la soupe maigre. Monsieur dîne d'un bon tapioca augras, avec un bifteck ou une paire de côtelettes, et la pauvre saintefemme avale jusqu'au dernier morceau de gîte qui se bouillit dans lamaison. Est-ce beau, cela?»
french#Le marmiton fut touché dans l'âme. «Mon bon monsieur Tournoy, dit-ilau maître d'hôtel, c'est des gens bien intéressants. Est-ce qu'on nepourrait pas leur faire passer quelques douceurs, en s'entendant avecleur négresse?
french#Ah bien oui! elle est aussi fière qu'eux; elle ne voudrait rien denous. Et cependant m'est avis qu'elle ne déjeune pas tous les jours.»
french#Cette conversation aurait pu durer longtemps, si M. Anatole n'était venul'interrompre. Il entra juste à point pour couper la parole au chasseur,qui ouvrait la bouche pour la première fois. L'assemblée se dispersa entoute hâte; chaque orateur emporta ses instruments de travail, et il neresta dans la salle des délibérations qu'un de ces balais gigantesquesqu'on appelle tête de loup.
french#Cependant Marguerite de Bisson, duchesse de La Tour d'Embleuse,cheminait à pas pressés dans la direction de la rue Jacob. Les passantsqui la frôlèrent du coude en courant donner ou recevoir des étrennes latrouvèrent semblable à ces Irlandaises désespérées qui piétinent sur lemacadam des rues de Londres à la poursuite d'un penny. Fille des ducsde Bretagne, femme d'un ancien gouverneur du Sénégal, la duchesseétait coiffée d'un chapeau de paille teinte en noir, dont les brides setordaient comme des ficelles. Une voilette d'imitation, percée en cinqou six endroits, cachait mal son visage et lui donnait une physionomieétrange. Cette belle tête, marquée de taches blanches d'inégalegrandeur, semblait défigurée par la petite vérole. Un vieux crêpe deChine, noirci par les soins du teinturier et roussi par les intempériesde l'air, laissait tomber tristement ses trois pointes, dont la frangeeffleurait la neige du trottoir. La robe qui se cachait là-dessous étaitsi fatiguée que le tissu était méconnaissable. Il eût fallu l'examinerde bien près et à la loupe pour reconnaître une moire ancienne démoirée,limée, coupée dans les plis, effrangée par en bas, et dévorée parla boue corrosive du pavé de Paris. Les souliers qui supportaient celamentable édifice n'avaient plus ni forme ni couleur. Le linge ne semontrait nulle part, ni au col, ni aux manches. Quelquefois, au passaged'un ruisseau, la robe se relevait à droite et laissait voir un bas delaine grise, un simple jupon de futaine noire. Les mains de la duchesse,rougies par un froid piquant, se cachaient sous son châle. Elle traînaitles pieds en marchant, non par une habitude de nonchalance, mais dans lapeur de perdre ses souliers.
french#Par un contraste que vous avez pu observer quelquefois, la duchessen'était ni maigre, ni pâle, ni enlaidie en aucune façon par la misère.
french#Elle avait reçu de ses ancêtres une de ces beautés rebelles quirésistent à tout, même à la faim. On a vu des prisonniers quiengraissaient dans leur cachot jusqu'à l'heure de la mort. A l'âge dequarante-sept ans, Mme de La Tour d'Embleuse conservait de beaux restesde jeunesse. Ses cheveux étaient noirs, et elle avait trente-deux dentscapables de broyer le pain le plus dur. Sa santé était moins florissanteque sa figure, mais c'est un secret qui restait entre elle et sonmédecin. La duchesse touchait à cette heure dangereuse et quelquefoismortelle où la femme disparaît pour faire place à l'aïeule. Plus d'unefois elle avait été saisie par des suffocations étranges. Elle rêvaitsouvent que le sang la prenait à la gorge pour l'étouffer. Des chaleursinexplicables lui montaient au cerveau par bouffées, et elle s'éveillaitdans un bain de vapeur animale où elle s'étonnait de ne point mourir. Ledocteur Le Bris, un jeune médecin et un vieil ami, lui recommandait unrégime doux, sans fatigues et surtout sans émotions. Mais quelle âmestoïcienne aurait traversé sans s'émouvoir de si rudes épreuves?
french#Le duc César de La Tour d'Embleuse, fils d'un des émigrés les plusfidèles au roi et les plus acharnés contre le pays, fut récompensé
french#magnifiquement des services de son père. En 1827, Charles X le nommagouverneur général de nos possessions dans l'Afrique occidentale. Ilétait à peine âgé de quarante ans. Pendant vingt-huit mois de séjourdans la colonie, il tint tête aux Maures et à la fièvre jaune; puis ildemanda un congé pour venir se marier à Paris. Il était riche, grâceau milliard d'indemnité; il doubla sa fortune en épousant la belleMarguerite de Bisson, qui possédait à Saint-Brieuc soixante mille livresde rente. Le roi signa son contrat le même jour que les ordonnances, etle duc se trouva marié et destitué tout d'un coup. Le nouveau pouvoirl'aurait accueilli volontiers dans la foule des transfuges; on dit mêmeque le ministère de Casimir Périer lui fit quelques avances. Il dédaignatous les emplois, par fierté d'abord, et autant par une invincibleparesse. Soit qu'il eût dépensé en trois ans tout ce qu'il avaitd'énergie, soit que la vie facile de Paris le retint par un attraitirrésistible, son seul travail pendant dix ans fut de promener seschevaux au Bois et de montrer ses gants jaunes au foyer de l'Opéra.
english#The house stood on a slight rise just on the edge of the village. It stood on
english#its own and looked over a broad spread of West Country farmland. Not a
english#remarkable house by any means – it was about thirty years old, squattish,
english#squarish, made of brick, and had four windows set in the front of a size and
english#proportion which more or less exactly failed to please the eye.
english#The only person for whom the house was in any way special was Arthur
english#Dent, and that was only because it happened to be the one he lived in. He
english#had lived in it for about three years, ever since he had moved out of London
english#because it made him nervous and irritable. He was about thirty as well,
english#dark haired and never quite at ease with himself. The thing that used to
english#worry him most was the fact that people always used to ask him what he
english#was looking so worried about. He worked in local radio which he always used
english#to tell his friends was a lot more interesting than they probably thought. It
english#was, too – most of his friends worked in advertising.
english#On Wednesday night it had rained very heavily, the lane was wet and
english#muddy, but the Thursday morning sun was bright and clear as it shone on
english#Arthur Dent’s house for what was to be the last time
english#It hadn’t properly registered with Arthur that the council wanted to
english#knock down his house and build an bypass instead.
english#At eight o’clock on Thursday morning Arthur didn’t feel very good. He
english#woke up blearily, got up, wandered blearily round his room, opened a window,
english#saw a bulldozer, found his slippers, and stomped off to the bathroom to wash.
english#Toothpaste on the brush – so. Scrub.
english#Shaving mirror – pointing at the ceiling. He adjusted it. For a moment
english#it reflected a second bulldozer through the bathroom window. Properly adjusted,
english#it reflected Arthur Dent’s bristles. He shaved them off, washed, dried,
english#and stomped off to the kitchen to find something pleasant to put in his mouth.
english#Kettle, plug, fridge, milk, coffee. Yawn.
english#The word bulldozer wandered through his mind for a moment in search
english#of something to connect with.
english#The bulldozer outside the kitchen window was quite a big one.
english#He stared at it. ”Yellow,” he thought and stomped off back to his bedroom
english#to get dressed.
english#Passing the bathroom he stopped to drink a large glass of water, and
english#another. He began to suspect that he was hung over. Why was he hung
english#over? Had he been drinking the night before? He supposed that he must
english#have been. He caught a glint in the shaving mirror. ”Yellow,” he thought
english#and stomped on to the bedroom.
english#He stood and thought. The pub, he thought. Oh dear, the pub. He
english#vaguely remembered being angry, angry about something that seemed important.
english#He’d been telling people about it, telling people about it at great
english#length, he rather suspected: his clearest visual recollection was of glazed
english#looks on other people’s faces. Something about a new bypass he had just
english#found out about. It had been in the pipeline for months only no one seemed
english#to have known about it. Ridiculous. He took a swig of water. It would sort
english#itself out, he’d decided, no one wanted a bypass, the council didn’t have a
english#leg to stand on. It would sort itself out.
english#God what a terrible hangover it had earned him though. He looked
english#at himself in the wardrobe mirror. He stuck out his tongue. ”Yellow,” he
english#thought. The word yellow wandered through his mind in search of something
english#to connect with.
english#Fifteen seconds later he was out of the house and lying in front of a big
english#yellow bulldozer that was advancing up his garden path.
english#Mr. L. Prosser was, as they say, only human. In other words he was a
english#carbon-based life form descended from an ape. More specifically he was forty,
english#fat and shabby and worked for the local council. Curiously enough, though
english#he didn’t know it, he was also a direct male-line descendant of Genghis Khan,
english#though intervening generations and racial mixing had so juggled his genes
english#that he had no discernible Mongoloid characteristics, and the only vestiges
english#left in Mr. L. Prosser of his mighty ancestry were a pronounced stoutness
english#about the tum and a predilection for little fur hats.
english#He was by no means a great warrior: in fact he was a nervous worried
english#man. Today he was particularly nervous and worried because something had
english#gone seriously wrong with his job – which was to see that Arthur Dent’s
english#house got cleared out of the way before the day was out.
english#”Come off it, Mr. Dent,”, he said, ”you can’t win you know. You can’t lie
english#in front of the bulldozer indefinitely.” He tried to make his eyes blaze fiercely
english#but they just wouldn’t do it.
english#Arthur lay in the mud and squelched at him.
