<?xml version="1.0" encoding="UTF-8" standalone="yes"?>
<license-lookup xmlns="https://source.jasig.org/schemas/maven-notice-plugin/license-lookup" xmlns:xsi="http://www.w3.org/2001/XMLSchema-instance" xsi:schemaLocation="https://source.jasig.org/schemas/maven-notice-plugin/license-lookup https://source.jasig.org/schemas/maven-notice-plugin/license-lookup/license-lookup-v1.0.xsd">
    <artifact>
        <groupId>org.apache.kafka</groupId>
        <artifactId>connect-api</artifactId>
        <license>Apache License, Version 2.0</license>
    </artifact>
    <artifact>
        <groupId>org.apache.kafka</groupId>
        <artifactId>connect-json</artifactId>
        <license>Apache License, Version 2.0</license>
    </artifact>
    <artifact>
        <groupId>org.apache.kafka</groupId>
        <artifactId>kafka-clients</artifactId>
        <license>Apache License, Version 2.0</license>
    </artifact>
    <artifact>
        <groupId>org.apache.kafka</groupId>
        <artifactId>kafka-streams</artifactId>
        <license>Apache License, Version 2.0</license>
    </artifact>
    <artifact>
        <groupId>org.apache.kafka</groupId>
        <artifactId>kafka_2.11</artifactId>
        <license>Apache License, Version 2.0</license>
    </artifact>
    <artifact>
        <groupId>org.apache.zookeeper</groupId>
        <artifactId>zookeeper</artifactId>
        <license>Apache License, Version 2.0</license>
    </artifact>
    <artifact>
        <groupId>classworlds</groupId>
        <artifactId>classworlds</artifactId>
        <license>Apache License, Version 2.0</license>
    </artifact>
    <artifact>
        <groupId>org.codehaus.plexus</groupId>
        <artifactId>plexus-container-default</artifactId>
        <license>Apache License, Version 2.0</license>
    </artifact>
</license-lookup>
